Workbook

Sheet Shortfall
A1: FSN_FC | B1: FSN | C1: FC | D1: Sf | E1: DestnationZone | F1: Check
A2: =B2&" "&C2 -> 700251 D112 | B2: 700251 | C2: D112 | D2: 19.67037 | E2: North | F2: =VLOOKUP(B2,Excess!$B:$D,3,0) -> 59.340741
A3: =B3&" "&C3 -> 700252 D112 | B3: 700252 | C3: D112 | D3: 2.0277778 | E3: North | F3: =VLOOKUP(B3,Excess!$B:$D,3,0) -> 5.7222222
A4: =B4&" "&C4 -> 701509 D112 | B4: 701509 | C4: D112 | D4: 430.5 | E4: North | F4: =VLOOKUP(B4,Excess!$B:$D,3,0) -> 5
A5: =B5&" "&C5 -> 701510 D112 | B5: 701510 | C5: D112 | D5: 498.94944 | E5: North | F5: =VLOOKUP(B5,Excess!$B:$D,3,0) -> 11.1004
A6: =B6&" "&C6 -> 701511 D112 | B6: 701511 | C6: D112 | D6: 35.2 | E6: North | F6: =VLOOKUP(B6,Excess!$B:$D,3,0) -> 187.5044
A7: =B7&" "&C7 -> 702331 D112 | B7: 702331 | C7: D112 | D7: 5.0625 | E7: North | F7: =VLOOKUP(B7,Excess!$B:$D,3,0) -> 15.197917
A8: =B8&" "&C8 -> 702522 D112 | B8: 702522 | C8: D112 | D8: 19.114583 | E8: North | F8: =VLOOKUP(B8,Excess!$B:$D,3,0) -> 7.6979167
A9: =B9&" "&C9 -> 702525 D112 | B9: 702525 | C9: D112 | D9: 204.9 | E9: North | F9: =VLOOKUP(B9,Excess!$B:$D,3,0) -> 303.75
A10: =B10&" "&C10 -> 703461 D112 | B10: 703461 | C10: D112 | D10: 195.6 | E10: North | F10: =VLOOKUP(B10,Excess!$B:$D,3,0) -> 18.8
A11: =B11&" "&C11 -> 704726 D112 | B11: 704726 | C11: D112 | D11: 1.5771111 | E11: North | F11: =VLOOKUP(B11,Excess!$B:$D,3,0) -> 26.436222
A12: =B12&" "&C12 -> 704729 D112 | B12: 704729 | C12: D112 | D12: 27 | E12: North | F12: =VLOOKUP(B12,Excess!$B:$D,3,0) -> 23.25
A13: =B13&" "&C13 -> 705580 D112 | B13: 705580 | C13: D112 | D13: 1176.2397 | E13: North | F13: =VLOOKUP(B13,Excess!$B:$D,3,0) -> 15.285714
... A2853: =B2853&" "&C2853 -> 808744 D677 | B2853: 808744 | C2853: D677 | D2853: 75 | E2853: South | F2853: =VLOOKUP(B2853,Excess!$B:$D,3,0) -> 13.833333

Sheet Excess
A1: FSN_FC | B1: FSN | C1: FC | D1: Excess | E1: SorceZone
A2: =B2&" "&C2 -> 704921 D112 | B2: 704921 | C2: D112 | D2: 7.6 | E2: North
A3: =B3&" "&C3 -> 708029 D112 | B3: 708029 | C3: D112 | D3: 10.238167 | E3: North
A4: =B4&" "&C4 -> 712779 D112 | B4: 712779 | C4: D112 | D4: 2.88875 | E4: North
A5: =B5&" "&C5 -> 712785 D112 | B5: 712785 | C5: D112 | D5: 2.7905556 | E5: North
A6: =B6&" "&C6 -> 712806 D112 | B6: 712806 | C6: D112 | D6: 25.967083 | E6: North
A7: =B7&" "&C7 -> 712807 D112 | B7: 712807 | C7: D112 | D7: 17.336111 | E7: North
A8: =B8&" "&C8 -> 713918 D112 | B8: 713918 | C8: D112 | D8: 4.0960069 | E8: North
A9: =B9&" "&C9 -> 713919 D112 | B9: 713919 | C9: D112 | D9: 11.196007 | E9: North
A10: =B10&" "&C10 -> 714905 D112 | B10: 714905 | C10: D112 | D10: 7.1594444 | E10: North
A11: =B11&" "&C11 -> 715180 D112 | B11: 715180 | C11: D112 | D11: 19.948333 | E11: North
A12: =B12&" "&C12 -> 715323 D112 | B12: 715323 | C12: D112 | D12: 2.5944444 | E12: North
A13: =B13&" "&C13 -> 715511 D112 | B13: 715511 | C13: D112 | D13: 31.100093 | E13: North
... A2276: =B2276&" "&C2276 -> 808730 D677 | B2276: 808730 | C2276: D677 | D2276: 22.166667 | E2276: South

Sheet Priority
A1: Destination | B1: Source | C1: D-S | D1: Priority
A2: North | B2: North | C2: North North | D2: 1
A3: South | B3: South | C3: South South | D3: 1
A4: East | B4: East | C4: East East | D4: 1
A5: West | B5: West | C5: West West | D5: 1
A6: North | B6: East | C6: North East | D6: 2
A7: East | B7: North | C7: East North | D7: 2
A8: South | B8: West | C8: South West | D8: 2
A9: West | B9: South | C9: West South | D9: 2
A10: North | B10: West | C10: North West | D10: 3
A11: South | B11: East | C11: South East | D11: 3
A12: East | B12: South | C12: East South | D12: 3
A13: West | B13: North | C13: West North | D13: 3
... A17: West | B17: East | C17: West East | D17: 4

Sheet FSN
R1: =SUBTOTAL(9,R3:R357) -> 5376.5676
A2: FSN | B2: Brand | C2: Current atp | D2: IWIT In | E2: IB Schedule | F2: Open PO's | G2: M1 | H2: M2 | I2: M3 | J2: National Req | K2: PO Shortfall | L2: Excess Inv | M2: Excess PO's | N2: FSN-FC Shortfall M1 | O2: FSN-FC Shortfall for M2 | P2: FSN-FC shortfall M3 | Q2: Total FSN-FC Shortfall | R2: IWIT Solve | S2: IWIT Solve % | T2: Band | U2: Tot Sf after alhpalite | V2: Inwardingrequired | W2: ModPPV | X2: InstockPPV | Y2: Instock | Z2: BA ATP | AA2: PPV band | AB2: col1 | AC2: col2 | AD2: Excess ATP over BBD | AE2: ATP + PO excess | AF2: PO excess | AG2: Expected BBD proj | AH2: ATP+PO carryOver TBBD | AI2: BA ATP rep | AJ2: BA BBD Oi | AK2: BA Open Pos | AL2: BA DP for BAU | AM2: Alpha BBD excess
A3: ACNFXYRJPW2QG8PW | B3: MarQ by Flipkart | C3: 500 | D3: 0 | E3: 0 | F3: 0 | G3: 0 | H3: 0 | I3: 492.94947 | J3: 492.94947 | K3: 0 | L3: 7.0505324 | M3: 0 | N3: 0 | O3: 0 | P3: 377.56197 | Q3: 377.56197 | R3: 377.56197 | S3: 1 | T3: Band_3 | U3: 377.56197 | V3: 0 | W3: 0 | X3: 0 | Y3: 0 | Z3: 0 | AA3: Band_1 | AB3: 0 | AC3: 0 | AD3: 7.0505324 | AE3: 7.0505324 | AF3: 0 | AG3: 500 | AH3: 492.94947 | AI3: 0 | AJ3: 0 | AK3: 0 | AL3: 0 | AM3: 384.6125
A4: ACNGYK4ZU8NZGDHC | B4: MarQ by Flipkart | C4: 989 | D4: 8 | E4: 100 | F4: 3648 | G4: 0 | H4: 233 | I4: 1944.1927 | J4: 2177.1927 | K4: 0 | L4: 0 | M4: 2467.8073 | N4: 0 | O4: 74.360648 | P4: 1336.6659 | Q4: 1411.0265 | R4: 330.8338 | S4: 0.23446321 | T4: Band_4 | U4: 1411.0265 | V4: 1080.1927 | W4: 1005090 | X4: 948360 | Y4: 0.94355729 | Z4: 0 | AA4: Band_3 | AB4: 74.360648 | AC4: 74.360648 | AD4: 0 | AE4: 2467.8073 | AF4: 2467.8073 | AG4: 4412 | AH4: 1944.1927 | AI4: 0 | AJ4: 0 | AK4: 0 | AL4: 0 | AM4: 330.8338
A5: ACNFZZFHJQTG6YVZ | B5: Samsung | C5: 1533 | D5: 0 | E5: 45 | F5: 1029 | G5: 0 | H5: 44 | I5: 2101.0211 | J5: 2145.0211 | K5: 0 | L5: 0 | M5: 416.97895 | N5: 0 | O5: 0 | P5: 891.65599 | Q5: 891.65599 | R5: 324.63494 | S5: 0.36408093 | T5: Band_4 | U5: 891.65599 | V5: 567.02105 | W5: 226710 | X5: 225420 | Y5: 0.99430991 | Z5: 0 | AA5: Band_1 | AB5: 0 | AC5: 0 | AD5: 0 | AE5: 416.97895 | AF5: 416.97895 | AG5: 2518 | AH5: 2101.0211 | AI5: 0 | AJ5: 0 | AK5: 0 | AL5: 0 | AM5: 324.63494
A6: ACNFZCE3HQCGNGFZ | B6: MarQ by Flipkart | C6: 1778 | D6: 9 | E6: 0 | F6: 575 | G6: 0 | H6: 274 | I6: 1323.0148 | J6: 1597.0148 | K6: 0 | L6: 189.98525 | M6: 575 | N6: 0 | O6: 0 | P6: 296.42764 | Q6: 296.42764 | R6: 296.42764 | S6: 1 | T6: Band_2 | U6: 296.42764 | V6: 0 | W6: 3501420 | X6: 3501420 | Y6: 1 | Z6: 0 | AA6: Band_4 | AB6: 0 | AC6: 0 | AD6: 189.98525 | AE6: 764.98525 | AF6: 575 | AG6: 2088 | AH6: 1323.0148 | AI6: 0 | AJ6: 0 | AK6: 0 | AL6: 0 | AM6: 486.41288
A7: ACNFTHSBZPWVFX7F | B7: Onida | C7: 760 | D7: 7 | E7: 0 | F7: 0 | G7: 0 | H7: 112.05836 | I7: 622.71272 | J7: 734.77107 | K7: 0 | L7: 32.228925 | M7: 0 | N7: 0 | O7: 6.0082271 | P7: 273.53009 | Q7: 279.53832 | R7: 279.53832 | S7: 1 | T7: Band_3 | U7: 226.00005 | V7: 0 | W7: 1564500 | X7: 1564500 | Y7: 1 | Z7: 1 | AA7: Band_1 | AB7: 6.0082271 | AC7: 5.0082271 | AD7: 89.817187 | AE7: 89.817187 | AF7: 0 | AG7: 898 | AH7: 852.12446 | AI7: 286 | AJ7: 229.41174 | AK7: 0 | AL7: 43.941644 | AM7: 311.76724
A8: ACNG4GFHUFGW26X7 | B8: Carrier | C8: 575 | D8: 3 | E8: 66 | F8: 216 | G8: 0 | H8: 51 | I8: 571.52561 | J8: 622.52561 | K8: 0 | L8: 0 | M8: 171.47439 | N8: 0 | O8: 0.39698578 | P8: 213.76968 | Q8: 214.16666 | R8: 214.16666 | S8: 1 | T8: Band_4 | U8: 186.37175 | V8: 0 | W8: 627210 | X8: 611730 | Y8: 0.97531927 | Z8: 0 | AA8: Band_2 | AB8: 0.39698578 | AC8: 0.39698578 | AD8: 0 | AE8: 185.22012 | AF8: 185.22012 | AG8: 843 | AH8: 666.77988 | AI8: 107 | AJ8: 95.254269 | AK8: 2 | AL8: 9 | AM8: 235.64105
A9: ACNGYK4NFHFUEA8Q | B9: Blue Star | C9: 323 | D9: 0 | E9: 7 | F9: 192 | G9: 0 | H9: 110.5 | I9: 279.05869 | J9: 389.55869 | K9: 0 | L9: 0 | M9: 125.44131 | N9: 0 | O9: 21.292459 | P9: 188.32256 | Q9: 209.61502 | R9: 150.05632 | S9: 0.71586629 | T9: Band_3 | U9: 186.6353 | V9: 36.578973 | W9: 293340 | X9: 293340 | Y9: 1 | Z9: 0 | AA9: Band_1 | AB9: 21.292459 | AC9: 21.292459 | AD9: 0 | AE9: 176.93152 | AF9: 176.93152 | AG9: 483 | AH9: 325.56848 | AI9: 59 | AJ9: 46.509782 | AK9: 39 | AL9: 19.5 | AM9: 150.05632
A10: ACNFTGFASYYHGHXY | B10: Motorola | C10: 485 | D10: 390 | E10: 0 | F10: 0 | G10: 0 | H10: 15 | I10: 346.05053 | J10: 361.05053 | K10: 0 | L10: 513.94947 | M10: 0 | N10: 0 | O10: 0 | P10: 127.99526 | Q10: 127.99526 | R10: 127.99526 | S10: 1 | T10: Band_1 | U10: 127.99526 | V10: 0 | W10: 371040 | X10: 371040 | Y10: 1 | Z10: 437 | AA10: Band_1 | AB10: 0 | AC10: 0 | AD10: 950.94947 | AE10: 950.94947 | AF10: 0 | AG10: 1297 | AH10: 346.05053 | AI10: 0 | AJ10: 0 | AK10: 0 | AL10: 0 | AM10: 641.94474
A11: ACNFG3Z5X4RZSZBY | B11: Voltas | C11: 319 | D11: 0 | E11: 57 | F11: 301 | G11: 0 | H11: 83.2 | I11: 361.43055 | J11: 444.63055 | K11: 0 | L11: 0 | M11: 175.36945 | N11: 0 | O11: 2.7187069 | P11: 180.83859 | Q11: 183.55729 | R11: 114.92674 | S11: 0.62610829 | T11: Band_2 | U11: 183.55729 | V11: 68.63055 | W11: 1072800 | X11: 426390 | Y11: 0.39745526 | Z11: 0 | AA11: Band_3 | AB11: 2.7187069 | AC11: 2.7187069 | AD11: 0 | AE11: 0 | AF11: 0 | AG11: 492 | AH11: 492 | AI11: 0 | AJ11: 183.80442 | AK11: 0 | AL11: 44.8 | AM11: 114.92674
A12: ACNFZZFHDUWJQX36 | B12: Samsung | C12: 1594 | D12: 10 | E12: 0 | F12: 48 | G12: 0 | H12: 185 | I12: 624.07403 | J12: 809.07403 | K12: 0 | L12: 794.92597 | M12: 48 | N12: 0 | O12: 0 | P12: 112.02172 | Q12: 112.02172 | R12: 112.02172 | S12: 1 | T12: Band_4 | U12: 112.02172 | V12: 0 | W12: 5183520 | X12: 5183520 | Y12: 1 | Z12: 0 | AA12: Band_5 | AB12: 0 | AC12: 0 | AD12: 794.92597 | AE12: 842.92597 | AF12: 48 | AG12: 1467 | AH12: 624.07403 | AI12: 0 | AJ12: 0 | AK12: 0 | AL12: 0 | AM12: 906.9477
A13: ACNFUXWJTHAVHS8J | B13: Samsung | C13: 162 | D13: 0 | E13: 35 | F13: 1388 | G13: 0 | H13: 0 | I13: 1373.146 | J13: 1373.146 | K13: 0 | L13: 0 | M13: 176.85405 | N13: 0 | O13: 0 | P13: 1280.146 | Q13: 1280.146 | R13: 104 | S13: 0.081240736 | T13: Band_1 | U13: 1280.146 | V13: 1176.146 | W13: 0 | X13: 0 | Y13: 0 | Z13: 0 | AA13: #N/A | AB13: 0 | AC13: 0 | AD13: 0 | AE13: 176.85405 | AF13: 176.85405 | AG13: 1550 | AH13: 1373.146 | AI13: 0 | AJ13: 0 | AK13: 0 | AL13: 0 | AM13: 104
A14: ACNFNEZMNJPHSNFZ | B14: LG | C14: 169 | D14: 0 | E14: 6 | F14: 220 | G14: 0 | H14: 45 | I14: 163.65922 | J14: 208.65922 | K14: 0 | L14: 0 | M14: 180.34078 | N14: 0 | O14: 12.749683 | P14: 117.05691 | Q14: 129.80659 | R14: 96.147368 | S14: 0.74069712 | T14: Band_1 | U14: 129.80659 | V14: 33.659223 | W14: 0 | X14: 0 | Y14: 0 | Z14: 0 | AA14: Band_1 | AB14: 12.749683 | AC14: 12.749683 | AD14: 0 | AE14: 180.34078 | AF14: 180.34078 | AG14: 344 | AH14: 163.65922 | AI14: 0 | AJ14: 0 | AK14: 0 | AL14: 0 | AM14: 96.147368
A15: ACNFZTDRYDQZ5BRM | B15: Carrier | C15: 136 | D15: 3 | E15: 2 | F15: 203 | G15: 0 | H15: 49.3 | I15: 206.98948 | J15: 256.28948 | K15: 0 | L15: 0 | M15: 85.710519 | N15: 0 | O15: 19.081798 | P15: 187.64699 | Q15: 206.72879 | R15: 91.439304 | S15: 0.4423153 | T15: Band_2 | U15: 206.72879 | V15: 115.28948 | W15: 0 | X15: 0 | Y15: 0 | Z15: 0 | AA15: Band_1 | AB15: 19.081798 | AC15: 19.081798 | AD15: 0 | AE15: 51.212272 | AF15: 51.212272 | AG15: 284 | AH15: 241.48773 | AI15: 0 | AJ15: 34.498247 | AK15: 0 | AL15: 8.7 | AM15: 91.439304
A16: ACNFU3XZEM7RZH5R | B16: Panasonic | C16: 382 | D16: 0 | E16: 51 | F16: 400 | G16: 0 | H16: 85.15 | I16: 796.63715 | J16: 881.78715 | K16: 99.787149 | L16: 0 | M16: 0 | N16: 0 | O16: 15.249225 | P16: 524.31273 | Q16: 539.56196 | R16: 90.774811 | S16: 0.16823797 | T16: Band_3 | U16: 494.04561 | V16: 403.2708 | W16: 1212090 | X16: 1100670 | Y16: 0.90807613 | Z16: 0 | AA16: Band_3 | AB16: 15.249225 | AC16: 15.249225 | AD16: 0 | AE16: 0 | AF16: 0 | AG16: 773 | AH16: 773 | AI16: 122 | AJ16: 381.29641 | AK16: 0 | AL16: 45.85 | AM16: 90.774811
A17: ACNFZYXZGGBKRAPQ | B17: Haier | C17: 203 | D17: 5 | E17: 0 | F17: 0 | G17: 0 | H17: 88 | I17: 114.36428 | J17: 202.36428 | K17: 0 | L17: 5.6357235 | M17: 0 | N17: 0 | O17: 24.766891 | P17: 62.354966 | Q17: 87.121858 | R17: 87.121858 | S17: 1 | T17: Band_3 | U17: 87.121858 | V17: 0 | W17: 533010 | X17: 385440 | Y17: 0.7231384 | Z17: 0 | AA17: Band_2 | AB17: 24.766891 | AC17: 24.766891 | AD17: 5.6357235 | AE17: 5.6357235 | AF17: 0 | AG17: 120 | AH17: 114.36428 | AI17: 0 | AJ17: 0 | AK17: 0 | AL17: 0 | AM17: 92.757581
A18: ACNFTW4QVYEWZYAQ | B18: Hisense | C18: 201 | D18: 4 | E18: 0 | F18: 0 | G18: 0 | H18: 109 | I18: 0 | J18: 109 | K18: 0 | L18: 96 | M18: 0 | N18: 0 | O18: 84.632947 | P18: 0 | Q18: 84.632947 | R18: 84.632947 | S18: 1 | T18: Band_2 | U18: 84.632947 | V18: 0 | W18: 0 | X18: 0 | Y18: 0 | Z18: 0 | AA18: Band_1 | AB18: 84.632947 | AC18: 84.632947 | AD18: 96 | AE18: 96 | AF18: 0 | AG18: 96 | AH18: 0 | AI18: 0 | AJ18: 0 | AK18: 0 | AL18: 0 | AM18: 180.63295
A19: ACNGYGSKFU5T9ATN | B19: LLoyd | C19: 247 | D19: 0 | E19: 10 | F19: 103 | G19: 0 | H19: 40 | I19: 116.33607 | J19: 156.33607 | K19: 0 | L19: 90.663926 | M19: 103 | N19: 0 | O19: 10.122529 | P19: 60.520608 | Q19: 70.643136 | R19: 70.643136 | S19: 1 | T19: Band_1 | U19: 63.643136 | V19: 0 | W19: 932460 | X19: 645720 | Y19: 0.69249083 | Z19: 11 | AA19: Band_3 | AB19: 10.122529 | AC19: 0 | AD19: 101.66393 | AE19: 204.66393 | AF19: 103 | AG19: 321 | AH19: 116.33607 | AI19: 0 | AJ19: 0 | AK19: 0 | AL19: 0 | AM19: 171.30706
A20: ACNFT8GFX27HW2QH | B20: IFB | C20: 162 | D20: 0 | E20: 0 | F20: 243 | G20: 0 | H20: 14.384172 | I20: 264.02068 | J20: 278.40485 | K20: 0 | L20: 0 | M20: 126.59515 | N20: 0 | O20: 0 | P20: 186.98234 | Q20: 186.98234 | R20: 70.577485 | S20: 0.37745536 | T20: Band_1 | U20: 163.98234 | V20: 93.404852 | W20: 147900 | X20: 136740 | Y20: 0.92454361 | Z20: 23 | AA20: Band_1 | AB20: 0 | AC20: 0 | AD20: 0 | AE20: 72.122516 | AF20: 72.122516 | AG20: 409 | AH20: 341.49331 | AI20: 0 | AJ20: 77.472632 | AK20: 0 | AL20: 4.6158284 | AM20: 70.577485
A21: ACNFWYTPFUE9S8G6 | B21: Samsung | C21: 199 | D21: 7 | E21: 0 | F21: 41 | G21: 0 | H21: 128 | I21: 0 | J21: 128 | K21: 0 | L21: 78 | M21: 41 | N21: 0 | O21: 69.626029 | P21: 0 | Q21: 69.626029 | R21: 69.626029 | S21: 1 | T21: Band_2 | U21: 69.626029 | V21: 0 | W21: 869490 | X21: 715170 | Y21: 0.82251665 | Z21: 0 | AA21: Band_2 | AB21: 69.626029 | AC21: 69.626029 | AD21: 78 | AE21: 119 | AF21: 41 | AG21: 119 | AH21: 0 | AI21: 0 | AJ21: 0 | AK21: 0 | AL21: 0 | AM21: 147.62603
A22: ACNFZZFHZE75ABF3 | B22: Samsung | C22: 199 | D22: 0 | E22: 29 | F22: 896 | G22: 0 | H22: 34 | I22: 865.61927 | J22: 899.61927 | K22: 0 | L22: 0 | M22: 195.38073 | N22: 0 | O22: 11.307716 | P22: 727.31155 | Q22: 738.61927 | R22: 67 | S22: 0.090709792 | T22: Band_3 | U22: 738.61927 | V22: 671.61927 | W22: 1102500 | X22: 667770 | Y22: 0.60568707 | Z22: 0 | AA22: Band_3 | AB22: 11.307716 | AC22: 11.307716 | AD22: 0 | AE22: 195.38073 | AF22: 195.38073 | AG22: 1061 | AH22: 865.61927 | AI22: 0 | AJ22: 0 | AK22: 0 | AL22: 0 | AM22: 67
A23: ACNFWYTPNBPRUHRZ | B23: Voltas | C23: 258 | D23: 4 | E23: 128 | F23: 387 | G23: 0 | H23: 68.25 | I23: 217.24283 | J23: 285.49283 | K23: 0 | L23: 0 | M23: 363.50717 | N23: 0 | O23: 1.5623577 | P23: 65.418913 | Q23: 66.981271 | R23: 66.981271 | S23: 1 | T23: Band_2 | U23: 66.673293 | V23: 0 | W23: 485070 | X23: 234600 | Y23: 0.48364154 | Z23: 1 | AA23: Band_2 | AB23: 1.5623577 | AC23: 0.56235772 | AD23: 0 | AE23: 254.02898 | AF23: 254.02898 | AG23: 545 | AH23: 327.72102 | AI23: 0 | AJ23: 110.47819 | AK23: 0 | AL23: 36.75 | AM23: 171.48844
A24: ACNFU3XZ2ZJZ9AAS | B24: Midea | C24: 130 | D24: 2 | E24: 0 | F24: 13 | G24: 0 | H24: 42.5 | I24: 153.35658 | J24: 195.85658 | K24: 50.856579 | L24: 0 | M24: 0 | N24: 0 | O24: 16.706087 | P24: 112.51753 | Q24: 129.22361 | R24: 65.367033 | S24: 0.50584434 | T24: Band_1 | U24: 128.40176 | V24: 63.034724 | W24: 367200 | X24: 286440 | Y24: 0.78006536 | Z24: 1 | AA24: Band_1 | AB24: 16.706087 | AC24: 15.706087 | AD24: 0 | AE24: 0 | AF24: 0 | AG24: 96 | AH24: 96 | AI24: 0 | AJ24: 25.55943 | AK24: 0 | AL24: 7.5 | AM24: 65.367033
A25: ACNFU3XZGKHGQSJK | B25: Voltas | C25: 214 | D25: 14 | E25: 668 | F25: 1699 | G25: 0 | H25: 92.95 | I25: 1907.2602 | J25: 2000.2102 | K25: 73.210222 | L25: 0 | M25: 0 | N25: 0 | O25: 1.1542268 | P25: 1165.65 | Q25: 1166.8042 | R25: 62.59402 | S25: 0.053645691 | T25: Band_2 | U25: 1166.8042 | V25: 1104.2102 | W25: 878730 | X25: 696840 | Y25: 0.79300809 | Z25: 0 | AA25: Band_3 | AB25: 1.1542268 | AC25: 1.1542268 | AD25: 0 | AE25: 0 | AF25: 0 | AG25: 1784 | AH25: 1784 | AI25: 0 | AJ25: 798.7671 | AK25: 0 | AL25: 50.05 | AM25: 62.59402
... A308: ACNFU3XZJGCB6RRD | B308: Voltas | C308: 0 | D308: 0 | E308: 0 | F308: 0 | G308: 0 | H308: 0 | I308: 0 | J308: 0 | K308: 0 | L308: 0 | M308: 0 | N308: 0 | O308: 0 | P308: 0 | Q308: 0 | R308: 0 | S308: 0 | T308: Band_1 | U308: 0 | V308: 0 | W308: 0 | X308: 0 | Y308: 0 | Z308: 0 | AA308: Band_1 | AB308: 0 | AC308: 0 | AD308: 0 | AE308: 0 | AF308: 0 | AG308: 0 | AH308: 0 | AI308: 0 | AJ308: 0 | AK308: 0 | AL308: 0 | AM308: 0
A309: BBD Special-2 | B309: Panasonic | C309: 0 | D309: 0 | E309: 0 | F309: 0 | G309: 0 | H309: 0 | I309: 193.76083 | J309: 193.76083 | K309: 193.76083 | L309: 0 | M309: 0 | N309: 0 | O309: 0 | P309: 193.76083 | Q309: 193.76083 | R309: 0 | S309: 0 | T309: Band_1 | U309: 193.76083 | V309: 193.76083 | W309: 0 | X309: 0 | Y309: 0 | Z309: 0 | AA309: #N/A | AB309: 0 | AC309: 0 | AD309: 0 | AE309: 0 | AF309: 0 | AG309: 0 | AH309: 0 | AI309: 0 | AJ309: 81.147698 | AK309: 0 | AL309: 0 | AM309: 0
A310: ACNFYTZG2MQUE8MA | B310: LG | C310: 0 | D310: 0 | E310: 0 | F310: 2 | G310: 0 | H310: 0 | I310: 0 | J310: 0 | K310: 0 | L310: 0 | M310: 2 | N310: 0 | O310: 0 | P310: 0 | Q310: 0 | R310: 0 | S310: 0 | T310: Band_1 | U310: 0 | V310: 0 | W310: 0 | X310: 0 | Y310: 0 | Z310: 0 | AA310: Band_1 | AB310: 0 | AC310: 0 | AD310: 0 | AE310: 2 | AF310: 2 | AG310: 2 | AH310: 0 | AI310: 0 | AJ310: 0 | AK310: 0 | AL310: 0 | AM310: 0
A311: ACNFWYTPGZKVJVUP | B311: Daikin | C311: 0 | D311: 0 | E311: 0 | F311: 0 | G311: 0 | H311: 0 | I311: 0 | J311: 0 | K311: 0 | L311: 0 | M311: 0 | N311: 0 | O311: 0 | P311: 0 | Q311: 0 | R311: 0 | S311: 0 | T311: Band_1 | U311: 0 | V311: 0 | W311: 0 | X311: 0 | Y311: 0 | Z311: 0 | AA311: Band_1 | AB311: 0 | AC311: 0 | AD311: 0 | AE311: 0 | AF311: 0 | AG311: 0 | AH311: 0 | AI311: 0 | AJ311: 0 | AK311: 0 | AL311: 0 | AM311: 0
A312: ACNFZ4VAUQ9U8HZN | B312: iFFALCON by TCL | C312: 0 | D312: 0 | E312: 0 | F312: 0 | G312: 0 | H312: 0 | I312: 0 | J312: 0 | K312: 0 | L312: 0 | M312: 0 | N312: 0 | O312: 0 | P312: 0 | Q312: 0 | R312: 0 | S312: 0 | T312: Band_1 | U312: 0 | V312: 0 | W312: 0 | X312: 0 | Y312: 0 | Z312: 0 | AA312: Band_1 | AB312: 0 | AC312: 0 | AD312: 0 | AE312: 0 | AF312: 0 | AG312: 0 | AH312: 0 | AI312: 0 | AJ312: 0 | AK312: 0 | AL312: 0 | AM312: 0
A313: ACNFTW4QPNPK7MJF | B313: Daikin | C313: 0 | D313: 0 | E313: 0 | F313: 0 | G313: 0 | H313: 0 | I313: 0 | J313: 0 | K313: 0 | L313: 0 | M313: 0 | N313: 0 | O313: 0 | P313: 0 | Q313: 0 | R313: 0 | S313: 0 | T313: Band_1 | U313: 0 | V313: 0 | W313: 0 | X313: 0 | Y313: 0 | Z313: 2 | AA313: Band_1 | AB313: 0 | AC313: 0 | AD313: 2 | AE313: 2 | AF313: 0 | AG313: 2 | AH313: 0 | AI313: 0 | AJ313: 0 | AK313: 0 | AL313: 0 | AM313: 0
A314: ACNFU3XZ8BRZGU53 | B314: Carrier | C314: 0 | D314: 0 | E314: 0 | F314: 0 | G314: 0 | H314: 0 | I314: 0 | J314: 0 | K314: 0 | L314: 0 | M314: 0 | N314: 0 | O314: 0 | P314: 0 | Q314: 0 | R314: 0 | S314: 0 | T314: Band_1 | U314: 0 | V314: 0 | W314: 0 | X314: 0 | Y314: 0 | Z314: 0 | AA314: Band_1 | AB314: 0 | AC314: 0 | AD314: 0 | AE314: 0 | AF314: 0 | AG314: 0 | AH314: 0 | AI314: 0 | AJ314: 0 | AK314: 0 | AL314: 0 | AM314: 0
A315: ACNFTW4VAPFS3FAV | B315: Godrej | C315: 0 | D315: 0 | E315: 0 | F315: 0 | G315: 0 | H315: 0 | I315: 0 | J315: 0 | K315: 0 | L315: 0 | M315: 0 | N315: 0 | O315: 0 | P315: 0 | Q315: 0 | R315: 0 | S315: 0 | T315: Band_1 | U315: 0 | V315: 0 | W315: 0 | X315: 0 | Y315: 0 | Z315: 0 | AA315: Band_1 | AB315: 0 | AC315: 0 | AD315: 0 | AE315: 0 | AF315: 0 | AG315: 0 | AH315: 0 | AI315: 0 | AJ315: 0 | AK315: 0 | AL315: 0 | AM315: 0
A316: ACNFYTZG72GJJGBY | B316: LG | C316: 0 | D316: 0 | E316: 0 | F316: 0 | G316: 0 | H316: 0 | I316: 0 | J316: 0 | K316: 0 | L316: 0 | M316: 0 | N316: 0 | O316: 0 | P316: 0 | Q316: 0 | R316: 0 | S316: 0 | T316: Band_1 | U316: 0 | V316: 0 | W316: 0 | X316: 0 | Y316: 0 | Z316: 0 | AA316: Band_1 | AB316: 0 | AC316: 0 | AD316: 0 | AE316: 0 | AF316: 0 | AG316: 0 | AH316: 0 | AI316: 0 | AJ316: 0 | AK316: 0 | AL316: 0 | AM316: 0
A317: ACNFU3XZVMNH722C | B317: Panasonic | C317: 0 | D317: 0 | E317: 0 | F317: 0 | G317: 0 | H317: 0 | I317: 0 | J317: 0 | K317: 0 | L317: 0 | M317: 0 | N317: 0 | O317: 0 | P317: 0 | Q317: 0 | R317: 0 | S317: 0 | T317: Band_1 | U317: 0 | V317: 0 | W317: 0 | X317: 0 | Y317: 0 | Z317: 0 | AA317: Band_1 | AB317: 0 | AC317: 0 | AD317: 0 | AE317: 0 | AF317: 0 | AG317: 0 | AH317: 0 | AI317: 0 | AJ317: 0 | AK317: 0 | AL317: 0 | AM317: 0
A318: ACNFZ4VABEGWJEGG | B318: iFFALCON by TCL | C318: 0 | D318: 0 | E318: 0 | F318: 0 | G318: 0 | H318: 0 | I318: 0 | J318: 0 | K318: 0 | L318: 0 | M318: 0 | N318: 0 | O318: 0 | P318: 0 | Q318: 0 | R318: 0 | S318: 0 | T318: Band_1 | U318: 0 | V318: 0 | W318: 0 | X318: 0 | Y318: 0 | Z318: 0 | AA318: Band_1 | AB318: 0 | AC318: 0 | AD318: 0 | AE318: 0 | AF318: 0 | AG318: 0 | AH318: 0 | AI318: 0 | AJ318: 0 | AK318: 0 | AL318: 0 | AM318: 0
A319: ACNFU3XZGKGDVMA5 | B319: Hitachi | C319: 0 | D319: 0 | E319: 0 | F319: 0 | G319: 0 | H319: 0 | I319: 0 | J319: 0 | K319: 0 | L319: 0 | M319: 0 | N319: 0 | O319: 0 | P319: 0 | Q319: 0 | R319: 0 | S319: 0 | T319: Band_1 | U319: 0 | V319: 0 | W319: 0 | X319: 0 | Y319: 0 | Z319: 0 | AA319: Band_1 | AB319: 0 | AC319: 0 | AD319: 0 | AE319: 0 | AF319: 0 | AG319: 0 | AH319: 0 | AI319: 0 | AJ319: 0 | AK319: 0 | AL319: 0 | AM319: 0
A320: ACNFWYTPG7NWCZQF | B320: Blue Star | C320: 0 | D320: 0 | E320: 0 | F320: 0 | G320: 0 | H320: 0 | I320: 0 | J320: 0 | K320: 0 | L320: 0 | M320: 0 | N320: 0 | O320: 0 | P320: 0 | Q320: 0 | R320: 0 | S320: 0 | T320: Band_1 | U320: 0 | V320: 0 | W320: 0 | X320: 0 | Y320: 0 | Z320: 0 | AA320: Band_1 | AB320: 0 | AC320: 0 | AD320: 0 | AE320: 0 | AF320: 0 | AG320: 0 | AH320: 0 | AI320: 0 | AJ320: 0 | AK320: 0 | AL320: 0 | AM320: 0
A321: ACNFGGUAGEN4ZRBY | B321: Voltas | C321: 0 | D321: 0 | E321: 0 | F321: 0 | G321: 0 | H321: 0 | I321: 0 | J321: 0 | K321: 0 | L321: 0 | M321: 0 | N321: 0 | O321: 0 | P321: 0 | Q321: 0 | R321: 0 | S321: 0 | T321: Band_1 | U321: 0 | V321: 0 | W321: 0 | X321: 0 | Y321: 0 | Z321: 0 | AA321: Band_1 | AB321: 0 | AC321: 0 | AD321: 0 | AE321: 0 | AF321: 0 | AG321: 0 | AH321: 0 | AI321: 0 | AJ321: 0 | AK321: 0 | AL321: 0 | AM321: 0
... A357: ACNFU3XYWBBSBHM7 | B357: Blue Star | C357: 278 | D357: 0 | E357: 62 | F357: 624 | G357: 0 | H357: 134.3 | I357: 765.10687 | J357: 899.40687 | K357: 0 | L357: 0 | M357: 2.5931314 | N357: 0 | O357: 18.90275 | P357: 540.50412 | Q357: 559.40687 | R357: -7.1054274e-15 | S357: -1.2701716e-17 | T357: Band_3 | U357: 531.89255 | V357: 531.89255 | W357: 857580 | X357: 857580 | Y357: 1 | Z357: 11 | AA357: Band_2 | AB357: 18.90275 | AC357: 7.9027502 | AD357: 0 | AE357: 99.07532 | AF357: 99.07532 | AG357: 968 | AH357: 892.62468 | AI357: 116 | AJ357: 127.51781 | AK357: 97 | AL357: 23.7 | AM357: -7.1054274e-15
